Influencer,Email,Platform,Message Generated,Sent Status,Date
Creator 0,Not Found,Instagram,Yes,Skipped - No Email,2026-10-02 18:53:00
Creator 1,creator1@email.com,Instagram,Yes,Simulated Send Success,2026-10-02 18:53:00
Creator 5,creator5@email.com,Instagram,Yes,Simulated Send Success,2026-10-02 18:53:00
Creator 8,Not Found,Instagram,Yes,Skipped - No Email,2026-10-02 18:53:00
Creator 10,creator10@business.com,Instagram,Yes,Simulated Send Success,2026-10-02 18:53:00
Creator 11,creator11@email.com,Instagram,Yes,Simulated Send Success,2026-10-02 18:53:00
Creator 12,creator12@email.com,Instagram,Yes,Simulated Send Success,2026-10-02 18:53:00
Creator 15,creator15@business.com,Instagram,Yes,Simulated Send Success,2026-10-02 18:53:00
Creator 16,creator16@email.com,Instagram,Yes,Simulated Send Success,2026-10-02 18:53:00
Creator 17,creator17@business.com,Instagram,Yes,Simulated Send Success,2026-10-02 18:53:00
Creator 18,creator18@email.com,Instagram,Yes,Simulated Send Success,2026-10-02 18:53:00
Creator 21,Not Found,Instagram,Yes,Skipped - No Email,2026-10-02 18:53:00
Creator 22,creator22@business.com,Instagram,Yes,Simulated Send Success,2026-10-02 18:53:00
Creator 30,Not Found,Instagram,Yes,Skipped - No Email,2026-10-02 18:53:00
Creator 32,Not Found,Instagram,Yes,Skipped - No Email,2026-10-02 18:53:00
Creator 33,creator33@business.com,Instagram,Yes,Simulated Send Success,2026-10-02 18:53:00
Creator 34,creator34@business.com,Instagram,Yes,Simulated Send Success,2026-10-02 18:53:00
Creator 38,Not Found,Instagram,Yes,Skipped - No Email,2026-10-02 18:53:00
Creator 40,Not Found,Instagram,Yes,Skipped - No Email,2026-10-02 18:53:00
Creator 44,creator44@business.com,Instagram,Yes,Simulated Send Success,2026-10-02 18:53:00
Creator 45,Not Found,Instagram,Yes,Skipped - No Email,2026-10-02 18:53:00
Creator 46,Not Found,Instagram,Yes,Skipped - No Email,2026-10-02 18:53:00
Creator 47,creator47@business.com,Instagram,Yes,Simulated Send Success,2026-10-02 18:53:00
Creator 48,creator48@email.com,Instagram,Yes,Simulated Send Success,2026-10-02 18:53:00
Creator 52,creator52@business.com,Instagram,Yes,Simulated Send Success,2026-10-02 18:53:00
Creator 57,Not Found,Instagram,Yes,Skipped - No Email,2026-10-02 18:53:00
Creator 58,Not Found,Instagram,Yes,Skipped - No Email,2026-10-02 18:53:00
Creator 59,creator59@email.com,Instagram,Yes,Simulated Send Success,2026-10-02 18:53:00
Creator 60,creator60@email.com,Instagram,Yes,Simulated Send Success,2026-10-02 18:53:00
Creator 65,creator65@business.com,Instagram,Yes,Simulated Send Success,2026-10-02 18:53:00
Creator 67,Not Found,Instagram,Yes,Skipped - No Email,2026-10-02 18:53:00
Creator 68,Not Found,Instagram,Yes,Skipped - No Email,2026-10-02 18:53:00
Creator 71,creator71@email.com,Instagram,Yes,Simulated Send Success,2026-10-02 18:53:00
Creator 73,creator73@business.com,Instagram,Yes,Simulated Send Success,2026-10-02 18:53:00
Creator 74,Not Found,Instagram,Yes,Skipped - No Email,2026-10-02 18:53:00
Creator 77,Not Found,Instagram,Yes,Skipped - No Email,2026-10-02 18:53:00
Creator 78,Not Found,Instagram,Yes,Skipped - No Email,2026-10-02 18:53:00
Creator 80,Not Found,Instagram,Yes,Skipped - No Email,2026-10-02 18:53:00
Creator 81,Not Found,Instagram,Yes,Skipped - No Email,2026-10-02 18:53:00
Creator 82,Not Found,Instagram,Yes,Skipped - No Email,2026-10-02 18:53:00
Creator 84,creator84@business.com,Instagram,Yes,Simulated Send Success,2026-10-02 18:53:00
Creator 86,Not Found,Instagram,Yes,Skipped - No Email,2026-10-02 18:53:00
Creator 93,creator93@email.com,Instagram,Yes,Simulated Send Success,2026-10-02 18:53:00
Creator 94,Not Found,Instagram,Yes,Skipped - No Email,2026-10-02 18:53:00
Creator 95,Not Found,Instagram,Yes,Skipped - No Email,2026-10-02 18:53:00
Creator 97,Not Found,Instagram,Yes,Skipped - No Email,2026-10-02 18:53:00
Creator 99,creator99@business.com,Instagram,Yes,Simulated Send Success,2026-10-02 18:53:00
Creator 100,creator100@business.com,Instagram,Yes,Simulated Send Success,2026-10-02 18:53:00
Creator 101,creator101@business.com,Instagram,Yes,Simulated Send Success,2026-10-02 18:53:00
Creator 105,creator105@email.com,Instagram,Yes,Simulated Send Success,2026-10-02 18:53:00
Creator 106,Not Found,Instagram,Yes,Skipped - No Email,2026-10-02 18:53:00
Creator 107,creator107@business.com,Instagram,Yes,Simulated Send Success,2026-10-02 18:53:00
Creator 109,Not Found,Instagram,Yes,Skipped - No Email,2026-10-02 18:53:00
Creator 110,creator110@business.com,Instagram,Yes,Simulated Send Success,2026-10-02 18:53:00
Creator 112,Not Found,Instagram,Yes,Skipped - No Email,2026-10-02 18:53:00
Creator 113,Not Found,Instagram,Yes,Skipped - No Email,2026-10-02 18:53:00
Creator 115,creator115@email.com,Instagram,Yes,Simulated Send Success,2026-10-02 18:53:00
Creator 116,Not Found,Instagram,Yes,Skipped - No Email,2026-10-02 18:53:00
Creator 119,creator119@email.com,Instagram,Yes,Simulated Send Success,2026-10-02 18:53:00
Creator 121,creator121@email.com,Instagram,Yes,Simulated Send Success,2026-10-02 18:53:00
Creator 122,creator122@email.com,Instagram,Yes,Simulated Send Success,2026-10-02 18:53:00
Creator 123,creator123@email.com,Instagram,Yes,Simulated Send Success,2026-10-02 18:53:00
Creator 125,creator125@business.com,Instagram,Yes,Simulated Send Success,2026-10-02 18:53:00
Creator 126,creator126@business.com,Instagram,Yes,Simulated Send Success,2026-10-02 18:53:00
Creator 127,Not Found,Instagram,Yes,Skipped - No Email,2026-10-02 18:53:00
Creator 128,creator128@email.com,Instagram,Yes,Simulated Send Success,2026-10-02 18:53:00
Creator 129,Not Found,Instagram,Yes,Skipped - No Email,2026-10-02 18:53:00
Creator 132,Not Found,Instagram,Yes,Skipped - No Email,2026-10-02 18:53:00
Creator 133,creator133@email.com,Instagram,Yes,Simulated Send Success,2026-10-02 18:53:00
Creator 136,Not Found,Instagram,Yes,Skipped - No Email,2026-10-02 18:53:00
Creator 139,creator139@email.com,Instagram,Yes,Simulated Send Success,2026-10-02 18:53:00
Creator 140,creator140@email.com,Instagram,Yes,Simulated Send Success,2026-10-02 18:53:00
Creator 141,Not Found,Instagram,Yes,Skipped - No Email,2026-10-02 18:53:00
Creator 143,creator143@email.com,Instagram,Yes,Simulated Send Success,2026-10-02 18:53:00
Creator 145,creator145@email.com,Instagram,Yes,Simulated Send Success,2026-10-02 18:53:00
Creator 147,Not Found,Instagram,Yes,Skipped - No Email,2026-10-02 18:53:00
Creator 148,creator148@email.com,Instagram,Yes,Simulated Send Success,2026-10-02 18:53:00
Creator 149,creator149@business.com,Instagram,Yes,Simulated Send Success,2026-10-02 18:53:00
